person_id,imdb_id,person_name
1,tt123517,Tim Robbins
2,tt123518,Marlon Brando
3,tt123519,Quentin Tarantino
4,tt123520,Christian Bale
5,tt123521,Keanu Reeves
6,tt123522,Tom Hanks
7,tt123523,Leonardo DiCaprio
8,tt123524,Mark Hamill
9,tt123525,Russell Crowe
10,tt123526,Morgan Freeman
11,tt123527,Tommy
12,tt123528,Liam Neeson
13,tt123529,Christian Bale
14,tt123530,Jodie Foster
15,tt123531,THanks Jr
16,tt123532,Tom Sr
17,tt123533,Edward Norton
18,tt123534,Elijah Wood
19,tt123535,Al Pacino
20,tt123536,Elijah Wood
21,tt123537,Sam Worthington
22,tt123538,Matthew Broderick
23,tt123539,Scott Weinger
24,tt123540,Robby Benson
25,tt123541,Kristen Bell
26,tt123542,Auli Cravalho
27,tt123543,Dwayne Johnson
28,tt123544,Jason Bateman
29,tt123545,Timmothy Hanks
30,tt123546,Jodie Benson
31,tt123547,Lily James
32,tt123548,Ming-Na Wen
33,tt123549,Albert Brooks
34,tt123550,Tina Scarlet
35,tt123551,Craig T. Nelson
36,tt123552,Patton Oswalt
37,tt123553,Ed Asner
38,tt123554,Owen Wilson
39,tt123555,Mandy Moore
40,tt123556,Anthony Gonzalez
41,tt123557,Robert Downey Jr.
42,tt123558,Chris Evans
43,tt123559,Chris Pratt
44,tt123560,Tom Holland
45,tt123561,Chadwick Boseman
46,tt123562,Benedict Cumberbatch
47,tt123563,Chris Hemsworth
48,tt123564,Paul Rudd
49,tt123565,Chris Evans
50,tt123566,Sebastian Stan
51,tt123567,Shameik Moore